university,career,inscription_date,first_name,last_name,gender,age,location,email
Universidad-nacional-de-río-cuarto,Licenciatura-en-terapia-ocupacional,20/Jan/21,Kenneth,chung,M,34/Jul/12,"Unit-2453-box-8062
dpo-ap-24105",Margaret92@hotmail.com
Universidad-nacional-de-río-cuarto,Diseño-de-imagen-y-sonido,19/Nov/20,Debbie,pitts,F,89/Mar/20,"8250-becker-orchard-apt.-110
lorihaven,-il-42682",Bacosta@gmail.com
Universidad-nacional-de-río-cuarto,Actuario-,19/Dec/20,Brandi,gibson,F,86/Dec/29,"8976-rice-meadows
south-johnnyview,-al-34696",Nellison@yahoo.com
Universidad-nacional-de-río-cuarto,Licenciatura-en-terapia-ocupacional,21/Dec/20,Jesse,sims,M,13/Dec/10,"2138-ross-turnpike-suite-905
north-pamela,-oh-93252",Rebeccakramer@yahoo.com
Universidad-nacional-de-río-cuarto,Licenciatura-en-ciencias-de-la-educación-,20/Oct/20,James,andersen,M,97/May/18,"5436-randy-summit
south-melissafurt,-ak-87534",Rachelcobb@yahoo.com
Universidad-nacional-de-río-cuarto,Licenciatura-en-ciencias-de-la-computación,20/Jan/21,Donald,odom,M,66/Apr/15,"154-sharp-port-suite-717
west-brandy,-ks-15596",Richardpratt@gmail.com
Universidad-nacional-de-río-cuarto,Licenciatura-en-ciencias-ambientales,21/Oct/20,Matthew,koch,M,09/Nov/08,"8048-tiffany-gateway
christopherborough,-nv-06478",Danielmichelle@hotmail.com
Universidad-nacional-de-río-cuarto,Diseño-de-imagen-y-sonido,20/Nov/20,Mary,hernandez,F,87/Oct/13,"89980-anthony-locks
toddview,-nd-11011",Gsalas@hotmail.com
Universidad-nacional-de-río-cuarto,Licenciatura-en-gestión-de-agroalimentos,21/Nov/20,Karen,lewis,F,49/Dec/29,"68423-alex-ports-suite-312
lake-kimberly,-ia-94129",Mirandadaniel@gmail.com
Universidad-nacional-de-río-cuarto,Licenciatura-en-psicología,19/Nov/20,Brian,lawrence,M,43/Mar/05,"295-william-heights
wolfeport,-mi-36889",Thomascochran@gmail.com
Universidad-nacional-de-río-cuarto,Licenciatura-en-ciencias-geológicas,19/Dec/20,Timothy,smith,M,09/Jan/13,"9033-rebecca-bridge-suite-147
sotoberg,-la-41405",Maria98@yahoo.com
Universidad-nacional-de-río-cuarto,Técnico-para-bioterios-,20/Jan/21,Tina,johnson,F,65/Sep/28,"Psc-2549,-box-7020
apo-ap-78834",Danielbell@gmail.com
Universidad-nacional-de-río-cuarto,Técnico-para-bioterios-,20/Oct/20,Marcus,kidd,M,89/Sep/03,"65469-jesse-ridges
bridgesburgh,-fl-25209",Stephenkelley@gmail.com
Universidad-nacional-de-río-cuarto,Ingeniería-en-informática,20/Sep/20,Corey,parks,M,50/Jul/22,"27017-chapman-center-apt.-531
new-william,-or-21923",Fochoa@yahoo.com
Universidad-nacional-de-río-cuarto,Licenciatura-en-musicoterapia,21/Nov/20,Jose,rogers,M,71/Jul/31,"699-shane-view
lawsonside,-ma-30501",Alyssamelton@gmail.com
Universidad-nacional-de-río-cuarto,Licenciatura-en-administración-,21/Nov/20,Stephen,coleman,M,80/Feb/10,"41144-smith-mews-suite-646
gomezville,-wv-72320",Andersonsteven@gmail.com
Universidad-nacional-de-río-cuarto,Licenciatura-en-sociología-,19/Oct/20,Austin,fernandez,M,60/Feb/13,"8494-gray-ferry
lopezside,-ut-37790",April34@gmail.com
Universidad-nacional-de-río-cuarto,Arquitectura,21/Nov/20,Catherine,anderson,F,54/Nov/03,"0170-flores-road-suite-313
smithshire,-hi-99081",Tracyzavala@yahoo.com
Universidad-nacional-de-río-cuarto,Arquitectura,19/Dec/20,Andrew,villegas,M,21/Sep/18,"21692-lopez-isle
jasonhaven,-sd-98454",Smithmichael@hotmail.com
Universidad-nacional-de-río-cuarto,Licenciatura-en-ciencias-ambientales,19/Oct/20,Gregory,walsh,M,08/Sep/05,"9241-hernandez-ridges-apt.-895
kevinfurt,-ny-16378",Bartlettkelsey@gmail.com
Universidad-nacional-de-río-cuarto,Agronomía,19/Oct/20,Chad,wilson,M,35/Dec/10,"632-church-flats
south-suzanneshire,-az-60769",Robertjimenez@gmail.com
Universidad-nacional-de-río-cuarto,Contador-público-,20/Dec/20,Brian,shannon,M,29/Feb/02,"Psc-6549,-box-2076
apo-aa-66496",Hernandezregina@hotmail.com
Universidad-nacional-de-río-cuarto,Diseño-de-imagen-y-sonido,20/Jan/21,Katherine,mitchell,F,64/Mar/25,"0179-thomas-harbor
brownport,-in-13387",Millererica@gmail.com
Universidad-nacional-de-río-cuarto,Técnico-para-bioterios-,21/Jan/21,Alison,young,F,97/Aug/16,"5800-murphy-highway
hernandezfurt,-ri-98237",Amber27@hotmail.com
Universidad-nacional-de-río-cuarto,Ingeniería-en-informática,21/Nov/20,Rodney,lopez,M,12/Jul/18,"7587-glover-plain
west-dana,-tx-01088",Santiagonicole@gmail.com
Universidad-nacional-de-río-cuarto,Licenciatura-en-gestión-de-agroalimentos,20/Oct/20,Alexander,kaiser,M,89/Apr/19,"009-megan-gateway-apt.-322
lake-randy,-mi-45780",Tyler73@yahoo.com
Universidad-nacional-de-río-cuarto,Técnico-para-bioterios-,20/Dec/20,John,dds,M,68/Jul/25,"423-kayla-fields-apt.-826
lake-peter,-nh-30100",Ericamoore@gmail.com
Universidad-nacional-de-río-cuarto,Actuario-,21/Dec/20,Tammy,brennan,F,80/Jan/02,"74972-gloria-islands
margaretmouth,-il-96557",Ypowell@yahoo.com
Universidad-nacional-de-río-cuarto,Arquitectura,19/Oct/20,Tracy,mcintosh,F,93/Sep/13,"1636-lori-ville
lake-sheila,-tn-09372",Scottvazquez@hotmail.com
Universidad-nacional-de-río-cuarto,Licenciatura-en-musicoterapia,21/Jan/21,Mrs.,lucero,F,40/Feb/21,"247-robert-port-suite-876
jimenezbury,-ri-94372",Iwoods@hotmail.com
Universidad-nacional-de-río-cuarto,Licenciatura-en-kinesiología-y-fisiatría,19/Nov/20,William,page,M,45/Oct/23,"165-brown-mount
robinsonside,-id-98642",Wiselaura@gmail.com
Universidad-nacional-de-río-cuarto,Licenciatura-en-ciencias-biológicas,19/Dec/20,Jordan,roberts,M,47/Mar/08,"278-thomas-locks-apt.-618
south-samuelland,-dc-44198",Njackson@gmail.com
Universidad-nacional-de-río-cuarto,Licenciatura-en-ciencias-de-la-computación,20/Sep/20,Dr.,hess,F,05/Sep/23,"868-huynh-park-apt.-511
anthonymouth,-nd-46750",Jessica60@yahoo.com
Universidad-nacional-de-río-cuarto,Licenciatura-en-ciencias-de-la-computación,21/Jan/21,David,lawson,M,69/Jun/27,"72931-mark-tunnel
edwardsview,-ks-84224",Allenbrandon@yahoo.com
Universidad-nacional-de-río-cuarto,Técnico-para-bioterios-,20/Dec/20,Matthew,graham,M,41/Sep/30,"7650-bob-rue
north-pamelafort,-ri-19790",Ucordova@yahoo.com
Universidad-nacional-de-río-cuarto,Diseño-de-imagen-y-sonido,19/Dec/20,Christina,thomas,F,15/Nov/10,"7314-rebecca-ridge-apt.-283
new-ryan,-in-51775",Qhernandez@hotmail.com
Universidad-nacional-de-río-cuarto,Licenciatura-en-ciencias-de-la-educación-,21/Oct/20,Sabrina,reynolds,F,09/Jan/19,"63687-munoz-greens-suite-503
michellemouth,-ms-98640",Vroberts@hotmail.com
Universidad-nacional-de-río-cuarto,Licenciatura-en-musicoterapia,19/Dec/20,Julia,cook,F,73/Nov/24,"Unit-9736-box-2893
dpo-ae-11119",Bradydanny@yahoo.com
Universidad-nacional-de-río-cuarto,Diseño-industrial,19/Oct/20,Troy,calderon,M,77/May/29,"3659-olson-inlet-apt.-043
ortizmouth,-tn-13073",Dennisrichard@hotmail.com
Universidad-nacional-de-río-cuarto,Licenciatura-en-ciencia-política-,21/Oct/20,Kayla,mccann,F,79/Jun/25,"302-sanchez-route
ashleymouth,-tn-92315",Xtucker@gmail.com
Universidad-nacional-de-río-cuarto,Licenciatura-en-sociología-,21/Nov/20,Megan,jackson,F,68/Feb/23,"4245-briggs-center-apt.-271
reevesshire,-ak-61490",Cowankelly@gmail.com
Universidad-nacional-de-río-cuarto,Técnico-para-bioterios-,20/Sep/20,Pamela,moon,F,64/Nov/10,"Usns-garcia
fpo-ae-41903",Frankjohnson@hotmail.com
Universidad-nacional-de-río-cuarto,Medicina,21/Jan/21,Katelyn,austin,F,36/May/09,"619-brandon-ports-suite-580
port-james,-ak-48290",Xmiller@yahoo.com
Universidad-nacional-de-río-cuarto,Ingeniería-mecánica,20/Dec/20,Arthur,rodriguez,M,38/Jul/19,"8242-dale-points
port-connie,-me-84451",Ramossusan@gmail.com
Universidad-nacional-de-río-cuarto,Licenciatura-en-artes,19/Oct/20,Rita,torres,F,88/Nov/28,"9031-porter-highway
new-jennifer,-ar-44395",Harrisphillip@gmail.com
Universidad-nacional-de-río-cuarto,Licenciatura-en-terapia-ocupacional,19/Nov/20,Lauren,turner,F,12/May/23,"905-matthew-plain-suite-467
west-lindsey,-az-99474",Waltonstephen@gmail.com
Universidad-nacional-de-río-cuarto,Técnico-para-bioterios-,21/Dec/20,Katelyn,thompson,F,94/Oct/15,"280-bell-fords-suite-248
new-brian,-mo-25730",Dawnmata@gmail.com
Universidad-nacional-de-río-cuarto,Licenciatura-en-planificación-y-diseño-del-paisaje,21/Jan/21,Samantha,ballard,F,12/Feb/02,"90902-marc-radial-suite-773
rogerburgh,-tx-02149",Gramos@gmail.com
Universidad-nacional-de-río-cuarto,Ingeniería-electrónica,21/Nov/20,Michael,prince,M,62/Aug/14,"76996-jones-walk
east-ashleyhaven,-ct-04284",Nicholasdoyle@yahoo.com
Universidad-nacional-de-río-cuarto,Licenciatura-en-gestión-de-agroalimentos,19/Nov/20,Rhonda,freeman,F,45/Jul/19,"0453-mitchell-shores
lake-mary,-ga-28659",Cindywashington@gmail.com
Universidad-nacional-de-río-cuarto,Medicina,21/Jan/21,Dennis,howell,M,20/Aug/20,"20255-torres-forest
lake-breanna,-ak-01097",Blakeyork@hotmail.com
Universidad-nacional-de-río-cuarto,Licenciatura-en-ciencias-ambientales,19/Dec/20,Nicole,cooper,F,25/Jul/08,"7016-phillips-villages-suite-353
brucemouth,-ms-77989",Griffinlarry@hotmail.com
Universidad-nacional-de-río-cuarto,Licenciatura-en-ciencia-y-tecnología-de-alimentos,21/Sep/20,Donna,moore,F,01/Jul/30,"024-nicole-forges-suite-508
aprilfurt,-az-74651",Stuartmatthew@hotmail.com
Universidad-nacional-de-río-cuarto,Ciencias-veterinarias,21/Jan/21,Joshua,perry,M,91/Aug/30,"057-rodriguez-street
michelleton,-id-97730",Kelly94@hotmail.com
Universidad-nacional-de-río-cuarto,Agronomía,20/Jan/21,Bianca,ware,F,18/Jan/05,"761-david-locks-suite-579
adamstown,-nm-62443",Traciemiller@yahoo.com
Universidad-nacional-de-río-cuarto,Licenciatura-en-sociología-,20/Jan/21,Jean,collins,F,02/Aug/14,"693-katherine-port
west-henry,-sd-74545",Daltonhernandez@hotmail.com
Universidad-nacional-de-río-cuarto,Medicina,19/Dec/20,Jeffrey,anderson,M,21/Aug/27,"47158-baker-branch-apt.-403
west-matthew,-tx-73153",Joe80@gmail.com
Universidad-nacional-de-río-cuarto,Licenciatura-en-ciencias-geológicas,20/Nov/20,James,smith,M,10/Aug/27,"73428-amber-lane
new-matthewmouth,-mt-66568",Jessicagibbs@yahoo.com
Universidad-nacional-de-río-cuarto,Farmacia,21/Dec/20,Matthew,meyer,M,95/Oct/05,"484-howard-cove-suite-913
aliciamouth,-ca-77181",Drew16@gmail.com
Universidad-nacional-de-río-cuarto,Licenciatura-en-artes,20/Jan/21,Elizabeth,cruz,F,06/Dec/24,"2893-gordon-ramp-apt.-794
jayville,-nc-34972",Uhenry@gmail.com
Universidad-nacional-de-río-cuarto,Licenciatura-en-terapia-ocupacional,20/Jan/21,Sherri,welch,F,40/Jul/20,"9790-sarah-shores-apt.-526
north-lauren,-ar-65536",Meyerseric@gmail.com
Universidad-nacional-de-río-cuarto,Licenciatura-en-producción-de-bioimagenes,19/Nov/20,Larry,jackson,M,62/Feb/18,"6513-keith-mill
lake-elizabeth,-wi-66281",Tcummings@hotmail.com
Universidad-nacional-de-río-cuarto,Arquitectura,21/Dec/20,Norman,hernandez,M,49/Aug/14,"81524-peterson-avenue
west-alan,-fl-38084",Qmathews@yahoo.com
Universidad-nacional-de-río-cuarto,Licenciatura-en-sociología-,20/Jan/21,Shelley,cox,F,76/Feb/09,"5258-lloyd-field-apt.-323
patelburgh,-md-29310",Samanthachurch@hotmail.com
Universidad-nacional-de-río-cuarto,Licenciatura-en-terapia-ocupacional,19/Nov/20,Samantha,moore,F,44/Jul/03,"Uss-mcdowell
fpo-ap-15282",Poconnell@hotmail.com
Universidad-nacional-de-río-cuarto,Arquitectura,21/Oct/20,Thomas,woods,M,27/Jul/31,"7192-moore-common
west-markshire,-va-73310",Lindsey40@yahoo.com
Universidad-nacional-de-río-cuarto,Diseño-industrial,20/Oct/20,Mr.,lee,M,15/Aug/12,"9456-chapman-tunnel-suite-279
new-brooke,-va-93325",Laurenpowell@yahoo.com
Universidad-nacional-de-río-cuarto,Ciencias-veterinarias,19/Dec/20,Heather,scott,F,90/Jul/13,"25551-joseph-estates-apt.-709
north-mia,-nv-79967",Clarkdouglas@hotmail.com
Universidad-nacional-de-río-cuarto,Licenciatura-en-ciencias-antropológicas,20/Sep/20,Daniel,vega,M,36/Apr/16,"66362-eric-pine-apt.-439
new-laura,-hi-26215",Ruthcruz@hotmail.com
Universidad-nacional-de-río-cuarto,Licenciatura-en-administración-,21/Jan/21,Zachary,mosley,M,09/Apr/26,"578-valdez-stream
port-erikaland,-az-71528",Ashley53@yahoo.com
Universidad-nacional-de-río-cuarto,Arquitectura,19/Oct/20,Jeffery,gutierrez,M,18/Nov/26,"822-davis-common
wongmouth,-me-36302",Melissanguyen@gmail.com
Universidad-nacional-de-río-cuarto,Actuario-,20/Nov/20,Becky,dunn,F,13/Feb/14,"Psc-1741,-box-6631
apo-aa-21074",Wolfeamanda@gmail.com
Universidad-nacional-de-río-cuarto,Técnico-para-bioterios-,21/Nov/20,Michelle,moss,F,13/Jul/25,"91378-house-spurs-apt.-733
gordonton,-wa-96994",Jirwin@yahoo.com
Universidad-nacional-de-río-cuarto,Licenciatura-en-relaciones-del-trabajo-,21/Jan/21,Kevin,thomas,M,34/Feb/11,"9745-erin-spring
west-scott,-ky-88372",Chad28@yahoo.com
Universidad-nacional-de-río-cuarto,Licenciatura-en-ciencia-y-tecnología-de-alimentos,20/Jan/21,Robin,nash,F,45/May/23,"254-amy-forks
nancyfurt,-hi-50320",Jasminebrown@yahoo.com
Universidad-nacional-de-río-cuarto,Licenciatura-en-administración-,20/Oct/20,Stephen,estrada,M,34/Jun/05,"876-michael-pines
nolanview,-fl-76635",Schultzmindy@yahoo.com
Universidad-nacional-de-río-cuarto,Arquitectura,21/Sep/20,Jerry,bradley,M,78/Jul/10,"4523-wang-radial
lake-frankland,-ma-65599",Kimberlywhitaker@hotmail.com
Universidad-nacional-de-río-cuarto,Licenciatura-en-ciencias-geológicas,19/Nov/20,Donna,turner,F,20/Nov/06,"34098-walters-via-apt.-808
martinezchester,-tn-54050",Cmontgomery@yahoo.com
Universidad-nacional-de-río-cuarto,Ingeniería-en-informática,19/Dec/20,Kevin,sparks,M,47/May/20,"97942-emma-fords-suite-071
susanland,-az-62197",Clinton26@yahoo.com
Universidad-nacional-de-río-cuarto,Licenciatura-en-kinesiología-y-fisiatría,20/Oct/20,Michael,miller,M,49/Mar/14,"Uss-washington
fpo-aa-53438",Diane57@hotmail.com
Universidad-nacional-de-río-cuarto,Ciencias-veterinarias,20/Nov/20,Kyle,carpenter,M,11/Nov/12,"544-jennings-gateway
lake-sarah,-vt-85758",Guerradebra@gmail.com
Universidad-nacional-de-río-cuarto,Licenciatura-en-artes,20/Dec/20,Amber,harris,F,08/Sep/15,"292-lewis-coves
pamelaland,-sd-77785",Ndelgado@hotmail.com
Universidad-nacional-de-río-cuarto,Licenciatura-en-psicología,19/Nov/20,Shawn,parks,M,49/Sep/16,"Uss-adams
fpo-ap-30045",Phillipsbrian@hotmail.com
Universidad-nacional-de-río-cuarto,Licenciatura-en-ciencia-y-tecnología-de-alimentos,21/Oct/20,Shawn,schultz,M,07/Jan/23,"29916-derek-parkway-suite-539
claudiaberg,-il-55866",Eryan@gmail.com
Universidad-nacional-de-río-cuarto,Diseño-industrial,21/Jan/21,Richard,ramos,M,20/Jan/16,"66466-tammie-brooks-apt.-055
michellehaven,-nd-45517",Fhowell@hotmail.com
Universidad-nacional-de-río-cuarto,Farmacia,19/Nov/20,Karen,pruitt,F,22/Jan/18,"096-blackwell-heights-apt.-790
east-holly,-la-23040",Smithhannah@yahoo.com
Universidad-nacional-de-río-cuarto,Licenciatura-en-kinesiología-y-fisiatría,20/Oct/20,Lawrence,peck,M,71/May/01,"Psc-2035,-box-0685
apo-ae-26921",Jessica95@gmail.com
Universidad-nacional-de-río-cuarto,Ingeniería-electrónica,21/Dec/20,Mary,kelley,F,22/Dec/02,"743-marc-island-suite-743
port-carlashire,-nj-12904",Malonejeremy@hotmail.com
Universidad-nacional-de-río-cuarto,Licenciatura-en-gestión-de-agroalimentos,21/Jan/21,Whitney,barr,F,50/Feb/18,"Uscgc-pope
fpo-ae-83557",Lucasjessica@yahoo.com
Universidad-nacional-de-río-cuarto,Licenciatura-en-artes,21/Nov/20,Evelyn,jones,F,13/Mar/30,"565-miranda-rue
south-jasmine,-mn-27340",Anne86@yahoo.com
Universidad-nacional-de-río-cuarto,Licenciatura-en-administración-,21/Sep/20,Brittany,cooper,F,72/Sep/18,"6391-kara-trail-apt.-529
north-ashleyside,-la-49667",Sarawilson@gmail.com
Universidad-nacional-de-río-cuarto,Licenciatura-en-producción-de-bioimagenes,20/Dec/20,Brian,bell,M,09/Dec/04,"56812-melvin-village-apt.-542
east-stephanie,-ri-56718",Shannongonzalez@hotmail.com
Universidad-nacional-de-río-cuarto,Licenciatura-en-kinesiología-y-fisiatría,19/Nov/20,William,jacobson,M,03/Aug/27,"6563-wilson-brook-apt.-681
port-patricia,-az-70865",Boydlinda@gmail.com
Universidad-nacional-de-río-cuarto,Licenciatura-en-psicología,19/Oct/20,Joanna,harris,F,08/Sep/07,"3146-guerrero-forks-apt.-037
bradleystad,-va-26254",Kenneth89@yahoo.com
Universidad-nacional-de-río-cuarto,Licenciatura-en-terapia-ocupacional,20/Jan/21,Seth,caldwell,M,58/Dec/25,"568-garcia-land
west-stephanie,-md-87141",Kelly26@hotmail.com
Universidad-nacional-de-río-cuarto,Bioquímica,21/Sep/20,Joshua,powell,M,77/Sep/01,"428-foster-courts
port-peter,-ky-87163",Garrisondominic@gmail.com
Universidad-nacional-de-río-cuarto,Licenciatura-en-terapia-ocupacional,20/Nov/20,Scott,cox,M,07/Jul/06,"63299-york-junction-apt.-721
jorgefort,-ut-91070",Brendamorales@yahoo.com
Universidad-nacional-de-río-cuarto,Farmacia,20/Sep/20,Matthew,hernandez,M,77/Jun/27,"24442-wilson-pass
lake-peter,-ga-94158",Wholt@hotmail.com
Universidad-nacional-de-río-cuarto,Licenciatura-en-planificación-y-diseño-del-paisaje,21/Jan/21,Jordan,carroll,F,18/Sep/09,"0546-hardin-flats-suite-375
morrisburgh,-co-29891",Ricky14@gmail.com
Universidad-nacional-de-río-cuarto,Licenciatura-en-sociología-,20/Oct/20,Michelle,perry,F,46/Dec/20,"9525-julie-street
new-megan,-vt-04577",Marcusparks@yahoo.com
Universidad-nacional-de-río-cuarto,Licenciatura-en-ciencias-ambientales,20/Oct/20,Marcus,fuller,M,11/Aug/11,"08679-stewart-manors
adkinsmouth,-ia-45507",Herrerasarah@yahoo.com
Universidad-nacional-de-río-cuarto,Ciencias-veterinarias,21/Jan/21,Angela,murphy,F,91/Nov/13,"889-lee-gateway-suite-521
port-aaron,-nh-68386",Owood@hotmail.com
Universidad-nacional-de-río-cuarto,Licenciatura-en-producción-de-bioimagenes,20/Jan/21,Virginia,murphy,F,74/Jul/02,"Psc-7859,-box-7031
apo-aa-93779",Geraldchandler@hotmail.com
Universidad-nacional-de-río-cuarto,Contador-público-,20/Nov/20,Benjamin,sanchez,M,43/Aug/07,"18529-allen-bridge-suite-893
carolynhaven,-ne-69508",Kjohnson@yahoo.com
Universidad-nacional-de-río-cuarto,Licenciatura-en-ciencia-política-,20/Jan/21,Samuel,davis,M,77/Jul/15,"450-colleen-parks
west-tim,-ia-16267",Allisonjames@hotmail.com
Universidad-nacional-de-río-cuarto,Arquitectura,21/Sep/20,Troy,rodriguez,M,56/Jan/28,"904-nguyen-junctions-suite-113
stacyside,-vt-95365",Cantrelljanet@yahoo.com
Universidad-nacional-de-río-cuarto,Licenciatura-en-sociología-,21/Sep/20,John,myers,M,66/Jan/14,"5428-danielle-dam-apt.-786
lake-jessicaburgh,-oh-61092",Kristenflores@yahoo.com
Universidad-nacional-de-río-cuarto,Licenciatura-en-sociología-,20/Jan/21,David,smith,M,14/Jul/31,"23181-ayala-common-suite-077
lake-patricia,-id-03423",Kdavis@yahoo.com
Universidad-nacional-de-río-cuarto,Licenciatura-en-kinesiología-y-fisiatría,19/Nov/20,Megan,stark,F,09/Jul/23,"752-kristie-spur
paulfort,-md-64500",Kenneth42@yahoo.com
Universidad-nacional-de-río-cuarto,Diseño-de-imagen-y-sonido,21/Oct/20,Brandon,richmond,M,67/Jan/06,"95714-miller-isle
west-james,-ok-19855",Frenchmarco@yahoo.com
Universidad-nacional-de-río-cuarto,Agronomía,19/Dec/20,David,stewart,M,07/Dec/31,"910-logan-grove
port-emilyfort,-ar-06884",Robert18@hotmail.com
Universidad-nacional-de-río-cuarto,Ingeniería-en-informática,21/Nov/20,Kimberly,sexton,F,61/Sep/27,"8341-amanda-dale-suite-633
brendaborough,-ca-45852",David45@hotmail.com
Universidad-nacional-de-río-cuarto,Técnico-para-bioterios-,21/Nov/20,Daniel,miller,M,18/Jun/08,"58542-garrett-valleys
matthewville,-nd-12973",John24@yahoo.com
Universidad-nacional-de-río-cuarto,Diseño-industrial,20/Dec/20,Theresa,hicks,F,60/Jun/13,"6883-adams-brook-suite-280
south-christinafort,-id-11909",Floydjacqueline@gmail.com
Universidad-nacional-de-río-cuarto,Licenciatura-en-ciencias-antropológicas,21/Oct/20,Brady,stevenson,M,18/Mar/31,"Unit-2773-box-2550
dpo-ap-88132",Rdunn@hotmail.com
Universidad-nacional-de-río-cuarto,Ingeniería-mecánica,21/Sep/20,Justin,dickerson,M,47/Oct/25,"383-jesse-estates
millermouth,-la-88832",Tammie60@hotmail.com
Universidad-nacional-de-río-cuarto,Ingeniería-electrónica,21/Oct/20,Adam,smith,M,30/Nov/10,"6440-perez-neck
hallview,-nm-98249",Therman@yahoo.com
Universidad-nacional-de-río-cuarto,Licenciatura-en-musicoterapia,21/Oct/20,Oscar,roth,M,38/Dec/02,"8187-brown-fork-apt.-602
north-kevin,-pa-54469",Vsimmons@gmail.com
Universidad-nacional-de-río-cuarto,Ingeniería-en-informática,19/Nov/20,Tamara,shelton,F,54/Apr/29,"46773-walker-parks-apt.-390
wilsonmouth,-nm-71571",Sextoncrystal@hotmail.com
Universidad-nacional-de-río-cuarto,Ingeniería-mecánica,21/Oct/20,Michael,baldwin,M,63/Jan/05,"374-tyler-vista-apt.-289
port-jamiefurt,-wv-53841",Victoriahill@gmail.com
Universidad-nacional-de-río-cuarto,Contador-público-,20/Dec/20,Robert,keller,M,39/Jan/21,"4508-phillip-ferry
christianstad,-ma-79507",Hcarter@yahoo.com
Universidad-nacional-de-río-cuarto,Arquitectura,21/Sep/20,Susan,miller,F,76/Aug/31,"3713-brittany-overpass-apt.-281
sarahside,-wi-05780",Dpeters@yahoo.com
Universidad-nacional-de-río-cuarto,Licenciatura-en-producción-de-bioimagenes,19/Oct/20,Nicholas,cohen,M,52/Aug/12,"79687-danielle-cove-suite-560
west-barbara,-wy-50169",Thomasroberts@yahoo.com
Universidad-nacional-de-río-cuarto,Licenciatura-en-sociología-,19/Dec/20,Heather,morgan,F,08/Nov/04,"6631-tony-mountains
karaborough,-vt-75051",Michaelandrade@hotmail.com
Universidad-nacional-de-río-cuarto,Actuario-,20/Sep/20,Kevin,valentine,M,13/Oct/16,"3219-wade-port
gibsonborough,-vt-72389",Hernandezjason@hotmail.com
Universidad-nacional-de-río-cuarto,Agronomía,20/Sep/20,Kaitlin,johnson,F,16/Jan/28,"41404-nathan-island-apt.-818
garcialand,-nm-17463",Asaunders@hotmail.com
Universidad-nacional-de-río-cuarto,Ingeniería-electrónica,20/Sep/20,Keith,delacruz,M,19/Jun/06,"6640-tim-harbors
north-tammybury,-nh-66457",Barry04@gmail.com
Universidad-nacional-de-río-cuarto,Licenciatura-en-ciencias-de-la-educación-,19/Nov/20,Melanie,shaw,F,74/Jan/15,"252-valerie-port-suite-107
west-timothyville,-wv-20845",Jallen@gmail.com
Universidad-nacional-de-río-cuarto,Ingeniería-en-informática,19/Nov/20,Tim,moore,M,73/Jan/23,"341-john-plains-suite-337
nathanielshire,-wi-59333",Roberthoffman@yahoo.com
Universidad-nacional-de-río-cuarto,Licenciatura-en-ciencia-y-tecnología-de-alimentos,20/Jan/21,Andres,sullivan,M,35/Mar/03,"87496-willie-cliff-apt.-915
marshborough,-tx-73143",Jasmine44@gmail.com
Universidad-nacional-de-río-cuarto,Licenciatura-en-ciencias-de-la-educación-,20/Dec/20,Danielle,mclean,F,74/Sep/23,"232-amy-ports-suite-342
karaside,-nh-08311",Beckdaniel@gmail.com
Universidad-nacional-de-río-cuarto,Diseño-industrial,20/Nov/20,Joshua,adams,M,84/Feb/20,"9783-jesse-manor-suite-926
lambberg,-al-20572",Nfletcher@hotmail.com
Universidad-nacional-de-río-cuarto,Licenciatura-en-ciencias-geológicas,20/Sep/20,Sara,richardson,F,95/Mar/07,"349-bush-groves
south-cheyenneside,-ny-35789",Hsavage@gmail.com
Universidad-nacional-de-río-cuarto,Licenciatura-en-ciencias-de-la-educación-,21/Dec/20,Travis,long,M,77/Aug/29,"2665-rivera-course-apt.-775
port-jasonchester,-il-75202",Larrybrown@yahoo.com
Universidad-nacional-de-río-cuarto,Licenciatura-en-gestión-de-agroalimentos,19/Oct/20,Mrs.,diaz,F,19/Dec/10,"886-erik-lock
cannonmouth,-mn-25517",Christophermoreno@yahoo.com
Universidad-nacional-de-río-cuarto,Licenciatura-en-artes,20/Nov/20,Daisy,hoffman,F,10/Jul/17,"48375-hess-courts-apt.-468
east-zachary,-pa-29655",Zleblanc@gmail.com
Universidad-nacional-de-río-cuarto,Licenciatura-en-gestión-de-agroalimentos,21/Sep/20,Dr.,livingston,F,85/Nov/27,"3710-kim-landing-apt.-926
smithtown,-me-74340",Lhooper@gmail.com
Universidad-nacional-de-río-cuarto,Agronomía,19/Nov/20,William,wilson,M,40/Mar/24,"3566-alexis-isle-apt.-644
patelland,-id-63500",Laurenwilliams@hotmail.com
Universidad-nacional-de-río-cuarto,Agronomía,21/Oct/20,Kevin,smith,M,73/Nov/26,"1189-chavez-shoals
north-leonardport,-ut-33214",Christinawolfe@yahoo.com
Universidad-nacional-de-río-cuarto,Licenciatura-en-terapia-ocupacional,20/Dec/20,Cheryl,stokes,F,82/May/16,"05571-jarvis-square-apt.-210
south-brooke,-ne-77387",Goodmanmark@gmail.com
Universidad-nacional-de-río-cuarto,Licenciatura-en-relaciones-del-trabajo-,19/Oct/20,Edward,wilson,M,12/Oct/23,"97488-ralph-ways
west-megan,-oh-24110",Salazaralbert@gmail.com
Universidad-nacional-de-río-cuarto,Medicina,21/Nov/20,Daniel,griffin,M,41/Mar/15,"61070-guzman-dale
new-charlottemouth,-oh-75296",Walkertiffany@gmail.com
Universidad-nacional-de-río-cuarto,Contador-público-,20/Nov/20,Alison,kaufman,F,79/Sep/04,"5590-white-roads
port-marco,-nm-94604",Jade42@yahoo.com
Universidad-nacional-de-río-cuarto,Licenciatura-en-relaciones-del-trabajo-,21/Nov/20,Madison,maldonado,F,81/Aug/26,"62764-jenkins-cliffs-apt.-879
victoriaborough,-in-53186",Jasminerodriguez@yahoo.com
Universidad-nacional-de-río-cuarto,Diseño-de-imagen-y-sonido,20/Dec/20,Patrick,phillips,M,29/May/19,"41813-christine-drive
reyesmouth,-ne-30345",Donnasimon@gmail.com
Universidad-nacional-de-río-cuarto,Bioquímica,21/Dec/20,Julie,meyer,F,10/Jun/17,"7776-alexandra-harbor
port-john,-de-06446",Smithandrew@hotmail.com
Universidad-nacional-de-río-cuarto,Licenciatura-en-ciencias-antropológicas,20/Nov/20,Emma,knapp,F,56/Nov/14,"251-dawson-lights
new-michael,-ca-29292",Kking@yahoo.com
Universidad-nacional-de-río-cuarto,Ingeniería-en-informática,21/Dec/20,Joseph,jensen,M,97/Mar/28,"70650-jennifer-land
new-luke,-fl-87392",Bellronald@hotmail.com
